{
  "version": "1.0",
  "modes": [
    "light",
    "dark"
  ],
  "light": {
    "colors": {
      "primary": {
        "600": "#3B82F6",
        "400": "#60A5FA"
      },
      "accent": {
        "amber": {
          "500": "#F59E0B"
        }
      },
      "success": {
        "500": "#10B981"
      },
      "danger": {
        "500": "#EF4444"
      },
      "ink": {
        "900": "#0F172A",
        "700": "#334155",
        "500": "#64748B"
      },
      "surface": "#FFFFFF",
      "muted": {
        "50": "#F8FAFC",
        "100": "#F1F5F9"
      }
    },
    "radius": {
      "sm": 8,
      "md": 12,
      "lg": 16,
      "xl": 20,
      "pill": 9999
    },
    "elevation": {
      "e1": "0 2 8 0 / 0.08",
      "e2": "0 8 24 0 / 0.12"
    }
  },
  "dark": {
    "colors": {
      "primary": {
        "600": "#60A5FA",
        "700": "#3B82F6"
      },
      "accent": {
        "amber": {
          "500": "#F59E0B"
        }
      },
      "success": {
        "500": "#34D399"
      },
      "danger": {
        "500": "#F87171"
      },
      "ink": {
        "50": "#E5E7EB",
        "200": "#F3F4F6"
      },
      "surface": "#0B1220",
      "muted": {
        "600": "#334155",
        "700": "#1F2937",
        "800": "#0F172A"
      }
    },
    "radius": {
      "sm": 8,
      "md": 12,
      "lg": 16,
      "xl": 20,
      "pill": 9999
    },
    "elevation": {
      "e1": "0 2 8 0 / 0.40",
      "e2": "0 8 24 0 / 0.50"
    }
  }
}